_abdulwahhab,301324445
_abdulwahhab,1381326114
_abdulwahhab,1026811394
_abdulwahhab,2766937708
_abdulwahhab,2164833783
_abdulwahhab,924215852
_abdulwahhab,3025198870
_abdulwahhab,1240553701
_abdulwahhab,458301345
_abdulwahhab,148711787
_abdulwahhab,6135542
_abdulwahhab,25049177
_abdulwahhab,71516564
_abdulwahhab,66591836
_abdulwahhab,2985545225
_abdulwahhab,2923076301
_abdulwahhab,2819997087
_abdulwahhab,2537465330
_abdulwahhab,2813747288
_abdulwahhab,2560180790
_abdulwahhab,539383
_abdulwahhab,231384128
_abdulwahhab,1484375120
_abdulwahhab,2815101092
_abdulwahhab,2876666838
_abdulwahhab,858250945
_abdulwahhab,423817285
_abdulwahhab,60598920
_abdulwahhab,245956466
_abdulwahhab,49942706
_abdulwahhab,23573083
_abdulwahhab,53059376
_abdulwahhab,216289357
_abdulwahhab,143531181
_abdulwahhab,1013888300
_abdulwahhab,96083073
_abdulwahhab,2758007584
_abdulwahhab,2820851339
_abdulwahhab,1173134648
_abdulwahhab,1042195880
_abdulwahhab,2324487009
_abdulwahhab,2541166813
_abdulwahhab,899631559
