_Mujahideen_,2603317368
_Mujahideen_,1860844357
_Mujahideen_,2709178580
_Mujahideen_,316332076
_Mujahideen_,2397150155
_Mujahideen_,2749118097
_Mujahideen_,311992921
_Mujahideen_,1226406200
_Mujahideen_,251320393
_Mujahideen_,1319026638
_Mujahideen_,298154615
_Mujahideen_,782146316
_Mujahideen_,535348553
_Mujahideen_,2492156401
_Mujahideen_,103946763
_Mujahideen_,231716045
_Mujahideen_,2174938422
_Mujahideen_,2585549280
_Mujahideen_,1752556321
_Mujahideen_,165033379
_Mujahideen_,1623349525
_Mujahideen_,283100997
_Mujahideen_,2528136887
_Mujahideen_,378719836
_Mujahideen_,80677157
_Mujahideen_,2585746238
_Mujahideen_,738029132
_Mujahideen_,2564599884
_Mujahideen_,2692205497
_Mujahideen_,2429795891
_Mujahideen_,2625356847
_Mujahideen_,465559955
_Mujahideen_,2591311987
_Mujahideen_,2571751510
_Mujahideen_,2546959520
_Mujahideen_,2507725795
_Mujahideen_,890659886
_Mujahideen_,2549873125
_Mujahideen_,2546630432
_Mujahideen_,2217776370
_Mujahideen_,2571891573
_Mujahideen_,1846870813
_Mujahideen_,1978244682
_Mujahideen_,1160362068
_Mujahideen_,2525979576
_Mujahideen_,127823900
_Mujahideen_,2563993097
_Mujahideen_,361443552
_Mujahideen_,2200487220
_Mujahideen_,422078591
_Mujahideen_,2517581155
_Mujahideen_,257875004
_Mujahideen_,1475796944
_Mujahideen_,201681222
_Mujahideen_,373091784
_Mujahideen_,2542841727
_Mujahideen_,2241116565
_Mujahideen_,1635008990
_Mujahideen_,1546059006
_Mujahideen_,455778309
_Mujahideen_,1586712276
_Mujahideen_,339204418
_Mujahideen_,2535024015
_Mujahideen_,1233537336
_Mujahideen_,2233809957
_Mujahideen_,2268766060
_Mujahideen_,1653145706
_Mujahideen_,347124791
_Mujahideen_,1525745065
_Mujahideen_,192839442
_Mujahideen_,2175056266
_Mujahideen_,2457179588
_Mujahideen_,2201701287
_Mujahideen_,1645112372
_Mujahideen_,286150122
_Mujahideen_,2350691400
_Mujahideen_,174065750
_Mujahideen_,291630695
_Mujahideen_,2209153418
_Mujahideen_,162417433
_Mujahideen_,1625477102
_Mujahideen_,910146367
_Mujahideen_,2328176278
_Mujahideen_,1460486263
_Mujahideen_,153557176
_Mujahideen_,2468266781
_Mujahideen_,1589787228
_Mujahideen_,972476486
_Mujahideen_,2180878025
_Mujahideen_,2370979935
_Mujahideen_,275088868
_Mujahideen_,1471480159
_Mujahideen_,1695053437
_Mujahideen_,295170834
_Mujahideen_,2309439495
_Mujahideen_,2182817667
_Mujahideen_,372469810
_Mujahideen_,264985153
_Mujahideen_,1153223311
_Mujahideen_,104308171
_Mujahideen_,1967279365
_Mujahideen_,2382540242
_Mujahideen_,107743807
_Mujahideen_,848134580
_Mujahideen_,709555194
_Mujahideen_,2348028708
_Mujahideen_,1650161630
_Mujahideen_,1610320176
_Mujahideen_,2237552695
_Mujahideen_,345288035
_Mujahideen_,1712463746
_Mujahideen_,15646324
_Mujahideen_,150526659
_Mujahideen_,1258073209
_Mujahideen_,282684640
_Mujahideen_,1606348891
_Mujahideen_,944500657
_Mujahideen_,149803476
_Mujahideen_,1347438374
_Mujahideen_,898095295
_Mujahideen_,1908188551
_Mujahideen_,2390797313
_Mujahideen_,1350121262
_Mujahideen_,429841816
_Mujahideen_,240604738
_Mujahideen_,911030665
_Mujahideen_,1074139074
_Mujahideen_,525812937
_Mujahideen_,1494184314
_Mujahideen_,2197603000
_Mujahideen_,1609092906
_Mujahideen_,878566394
_Mujahideen_,1129243550
_Mujahideen_,2260506595
_Mujahideen_,991921795
_Mujahideen_,2230182167
_Mujahideen_,2250966145
_Mujahideen_,2247453086
_Mujahideen_,410752011
_Mujahideen_,1483000034
_Mujahideen_,1974086472
_Mujahideen_,892086366
_Mujahideen_,423785012
_Mujahideen_,2322493160
_Mujahideen_,593679339
_Mujahideen_,2356841588
_Mujahideen_,1572354420
_Mujahideen_,2361177847
